price,bedrooms,bathrooms,sqft_living,sqft_lot,floors,waterfront,view,condition,sqft_above,sqft_basement,yr_built,yr_renovated,city,statezip,Prediction
500000,4,3,3720,15048,3,0,0,3,3720,0,1979,2014,32,37,871919.13
570000,3,2,1890,29185,1,0,0,3,1470,420,1949,2013,3,5,598235.5
1309500,4,2,2680,12215,1,1,4,3,1590,1090,1956,2001,26,68,860932.38
544000,3,2,1460,1613,2,0,0,3,1180,280,2007,0,35,56,459871.5
439000,3,2,3180,7904,1,0,0,3,1810,1370,2006,0,32,34,630775.44
530000,4,2,1980,15086,2,0,0,3,1980,0,1981,2013,33,42,506767.06
427500,2,2,1090,934,3,0,0,3,1090,0,2008,0,35,52,440799.42
337000,4,2,2230,5970,2,0,0,4,2230,0,2002,0,9,26,314237.59
1095000,4,2,3330,9143,2,0,0,4,3330,0,1995,0,19,21,868991.72
435000,4,2,1880,3840,1,0,0,3,970,910,1904,0,35,64,459730.08
765000,5,3,2870,5700,1,0,0,3,1950,920,1964,2000,35,47,648282.5
492650,4,1,2120,9786,1,0,0,3,1640,480,1967,2011,36,70,440362.74
383962,4,2,2700,6998,2,0,0,3,2700,0,2001,0,40,69,566833.4
950000,4,2,3670,7680,2,0,0,3,3670,0,2007,0,16,17,842177.66
457000,3,2,1220,1330,2,0,0,3,1010,210,2008,0,35,56,454099.0
1510000,5,3,4390,11250,2,0,0,3,4390,0,2007,0,23,25,1474782.0
882566,4,2,3560,5265,3,0,0,3,3560,0,2014,0,31,31,844123.38
963000,4,3,3530,8589,2,0,0,3,3530,0,2007,0,19,21,974164.25
345000,4,2,2280,5000,2,0,0,3,2280,0,2006,0,21,23,343966.9
2065000,4,3,4350,7965,2,0,0,3,4350,0,2013,1923,3,3,1994771.89
800000,3,3,3830,221284,2,0,0,3,3530,300,1993,0,42,44,902155.56
314500,3,2,2050,13303,1,0,0,3,2050,0,1993,0,14,2,342627.34
530000,3,2,3660,39478,2,0,2,4,3260,400,1989,0,12,12,646509.0
650000,4,2,3350,46748,2,0,0,3,3350,0,2004,2003,4,8,734775.2
349500,3,2,1270,3600,1,0,0,3,1270,0,1963,2008,35,59,504550.67
1198000,4,3,3400,3850,2,0,0,3,2790,610,2008,0,35,53,1095991.54
165050,3,1,1200,8514,1,0,0,3,1200,0,1959,1989,12,12,211821.86
580000,3,2,2200,11000,2,0,2,3,2200,0,1978,0,3,7,657808.13
330000,3,2,1680,11312,1,0,0,3,1080,600,1959,1989,35,65,338988.52
875000,5,3,3840,8279,2,0,0,3,3840,0,2001,0,33,42,898586.94
500000,2,1,950,4500,1,0,2,3,850,100,1926,2003,35,47,462351.25
445000,4,2,2280,42077,2,0,0,3,2280,0,1994,0,18,26,428821.38
274900,4,2,1970,6600,2,0,0,3,1970,0,1987,2000,18,18,293561.44
219950,3,1,1620,9310,1,0,0,4,1620,0,1967,0,9,26,247084.0
691500,4,2,2600,7200,2,0,0,3,2600,0,1962,2002,35,54,703222.75
459500,2,1,1250,3825,1,0,0,3,850,400,1929,0,35,56,467932.15
955500,4,1,2130,5080,1,0,0,3,2130,0,1914,1993,35,58,849058.3
328950,4,1,2550,8976,1,0,0,5,1300,1250,1978,0,18,19,369808.1
307000,3,1,1150,6000,1,0,0,3,1150,0,1927,2011,27,27,312672.62
382500,3,1,1040,9000,1,0,0,4,1040,0,1967,0,16,15,238414.36
1150000,4,2,3340,10422,2,0,0,3,3340,0,1996,0,19,21,883630.36
1297000,6,2,2630,9420,2,0,0,5,2510,120,1900,0,35,47,926204.47
478000,3,2,1640,3896,2,0,0,3,1640,0,1994,0,16,17,500423.96
260000,2,1,770,7906,1,0,0,4,770,0,1948,0,36,67,288016.08
850000,4,3,4350,112750,1,0,0,3,2200,2150,2006,0,16,15,913758.71
616000,4,1,1700,5846,1,0,0,3,1700,0,1957,2000,35,74,587370.14
540000,3,1,2050,9580,1,0,0,3,1400,650,1984,0,33,42,502848.06
300000,3,2,1660,5128,2,0,0,3,1660,0,2001,0,11,11,297177.83
507500,3,1,1990,9594,1,0,0,3,1190,800,1977,2004,31,31,523025.0
3800000,5,5,7050,42840,1,0,2,4,4320,2730,1978,2000,8,3,2598026.88
241000,3,2,1770,7000,1,0,0,3,1770,0,1986,0,1,0,250145.47
485000,3,2,2440,47916,2,0,0,3,2090,350,1991,0,31,32,620380.3
695000,3,2,2620,51354,2,0,0,3,2620,0,1998,2006,42,44,600528.5
548000,4,2,2440,11005,2,0,0,3,2440,0,1994,0,25,34,595933.5
345000,2,1,1080,7775,1,0,0,3,1080,0,1955,2005,35,63,312062.02
280000,3,1,1090,10710,1,0,0,4,1090,0,1962,0,32,34,269691.0
450000,3,1,1400,13775,1,0,0,3,1400,0,1963,2008,17,16,317189.1
515000,3,2,2010,7200,2,0,0,3,2010,0,1994,0,17,16,484752.5
1014250,3,1,1640,12855,1,0,0,5,1500,140,1920,0,3,3,680159.88
739900,5,2,3290,5029,2,0,0,3,3290,0,2004,2003,33,43,744999.98
600000,2,2,2510,14878,2,0,0,3,2510,0,1990,2009,5,9,583516.5
370000,2,1,860,6050,1,0,0,3,860,0,1952,2008,35,55,355011.75
729032,4,2,2840,12866,1,0,0,4,1780,1060,1977,0,3,4,785292.5
510000,3,1,1750,7020,2,0,0,3,1750,0,1934,1978,4,8,458909.0
425000,3,1,1300,19163,1,0,0,3,1300,0,1964,2000,31,31,350417.02
1080000,3,2,3890,7216,2,0,1,3,3260,630,1967,2010,35,57,928524.75
337000,3,2,1460,941,3,0,0,3,1460,0,2006,0,35,62,380073.26
563000,4,1,1410,3376,1,0,0,5,1410,0,1911,1984,35,50,555488.0
1695000,4,2,3770,10900,2,0,2,5,3070,700,1924,1956,35,64,1296000.0
245000,3,2,1190,4072,1,0,0,5,1190,0,1907,0,35,57,432159.5
590000,3,2,1410,6413,1,0,0,4,910,500,1947,1988,35,54,434776.27
695000,3,2,2500,4080,1,0,0,5,1680,820,1922,1956,35,47,895020.01
402500,2,1,800,2280,1,0,0,5,800,0,1946,0,35,50,395220.75
435000,3,2,2530,13446,2,0,0,3,2530,0,1993,0,11,11,502161.5
660000,3,2,2570,28500,1,0,0,3,1970,600,1983,2009,31,31,703684.0
300000,3,2,2090,9620,1,0,0,3,1340,750,1987,2000,14,13,333681.29
600000,5,2,2980,7781,1,0,0,3,1580,1400,1960,2012,35,60,570637.5
205000,3,1,1170,8239,1,0,0,3,1170,0,1981,2013,9,26,217486.47
357500,3,3,2080,5100,2,0,0,3,2080,0,2004,2003,21,23,397739.98
1110000,5,3,3350,4000,2,0,0,4,2510,840,1997,0,35,48,965344.12
332888,2,2,1050,1029,2,0,0,3,950,100,2007,0,35,59,443138.63
174000,2,1,900,13531,1,0,0,3,900,0,1979,2014,28,28,325607.1
515000,2,1,1050,5000,1,0,0,5,1050,0,1907,0,35,50,497621.05
392000,5,2,3740,32481,1,0,0,3,2240,1500,1958,2004,10,73,569031.8
485000,4,1,1430,4096,2,0,0,3,1430,0,1900,2005,35,59,544567.5
217500,3,1,1400,9546,1,0,0,4,1400,0,1984,0,14,2,235858.06
502000,3,2,1600,45613,2,0,0,4,1600,0,1983,0,42,41,430301.0
820000,3,2,2880,9750,2,0,0,3,2880,0,1989,0,3,5,788484.0
1640000,3,3,3140,5445,2,0,3,4,2240,900,1913,0,35,52,1465430.0
102500,2,1,820,4320,1,0,0,3,820,0,1937,1999,35,49,400549.0
925000,5,5,5190,12637,2,0,2,3,5190,0,2001,0,38,38,1729320.36
540000,4,2,2180,10140,1,0,0,4,1180,1000,1968,0,31,31,525831.0
600000,2,1,910,2002,1,0,0,3,910,0,1900,2005,35,53,366214.25
406000,4,1,1580,8475,1,0,2,4,1580,0,1928,0,35,71,466052.63
620000,4,3,2130,6325,1,0,0,5,1440,690,1948,1985,35,55,680669.6
1060000,4,2,4570,16015,2,0,2,3,4570,0,1990,2009,33,42,1158548.36
401000,3,2,1240,11172,1,0,0,3,1000,240,1984,0,33,42,384579.5
725000,3,1,1860,6000,2,0,2,4,1860,0,1959,0,35,64,586741.26
276000,1,0,370,1801,1,0,0,5,370,0,1923,0,35,56,352150.5
500000,5,3,3130,12087,2,0,0,3,2180,950,1975,0,16,15,568211.9
375000,3,1,2530,35150,1,0,0,4,1800,730,1977,0,18,26,431113.46
2300000,4,4,3970,9778,2,0,2,4,3390,580,1928,0,35,58,1243736.02
260000,3,2,1920,9680,1,0,0,4,1300,620,1961,2001,18,19,277872.0
1565000,4,2,2970,12750,1,0,1,4,2130,840,1918,1986,3,3,1084424.48
431000,4,2,2300,6087,2,0,0,3,2300,0,2001,0,32,34,388349.9
321000,4,2,1830,9601,2,0,0,3,1830,0,2003,0,21,23,337092.0
433000,4,1,1550,5053,1,0,0,4,1180,370,1963,0,35,57,473947.42
920000,4,3,4080,10666,2,0,0,3,4080,0,2005,0,31,32,960662.28
482000,3,2,1710,21485,2,0,0,3,1710,0,1989,0,33,42,539262.9
712000,3,2,2375,4094,2,0,0,3,2375,0,2002,0,31,31,680710.53
505000,4,2,2200,9778,1,0,0,4,1100,1100,1962,0,3,5,520778.0
2367000,3,2,3530,17450,1,1,3,3,1840,1690,1930,1993,23,25,1231947.76
452000,3,1,1110,9012,1,0,0,4,1110,0,1966,0,31,31,373655.0
581000,4,1,1630,2566,1,0,0,3,1630,0,1921,2000,35,59,761816.5
952500,4,1,2550,5055,2,0,0,4,2550,0,1910,0,35,53,1023495.27
808000,4,2,2500,8866,2,0,0,4,2500,0,1987,0,3,6,781041.9
476000,4,3,2890,6885,1,0,0,3,1590,1300,1945,2013,35,54,790139.04
535000,4,1,1420,5000,1,0,0,4,1420,0,1945,0,35,56,493579.98
1356925,4,3,4270,5800,2,0,3,5,3170,1100,1937,0,35,74,1616824.93
629800,3,2,2390,1984,2,0,0,3,2220,170,2008,0,16,17,676861.48
417838,4,2,2530,5048,2,0,0,3,2530,0,2014,0,21,23,384583.28
399895,4,2,2701,4500,2,0,0,3,2701,0,2014,0,1,45,357507.15
825000,4,2,3990,6637,2,0,0,3,3990,0,2003,0,31,32,931342.0
300000,4,2,2303,3826,2,0,0,3,2303,0,2006,0,1,45,328894.25
640000,2,2,1540,965,3,0,0,3,1540,0,2007,0,35,59,641344.86
460000,3,2,1450,1053,2,0,0,3,940,510,2008,0,35,50,432900.5
525000,2,2,1160,1458,2,0,0,3,1040,120,2012,1912,35,58,455079.02
499990,4,2,2910,6334,2,0,0,3,2910,0,2013,1923,27,27,544663.52
1020000,4,3,3770,8501,2,0,0,3,3770,0,2008,0,19,21,1154412.0
675000,5,2,2900,10300,1,0,0,3,1450,1450,1985,0,3,5,685412.75
512031,3,1,1540,3000,1,0,2,3,770,770,1920,1979,35,56,499963.05
310000,2,1,700,3000,1,0,0,4,700,0,1918,1974,35,47,394725.0
1075000,3,2,3280,10302,1,0,0,3,1680,1600,1970,2014,35,54,910259.57
255000,4,2,2430,8960,1,0,0,3,1430,1000,1960,2012,35,71,416221.04
435000,3,2,1900,7984,2,0,0,3,1900,0,1993,0,5,9,427842.71
453000,3,2,1660,15050,1,0,0,3,1260,400,1983,2009,19,22,456867.0
260000,4,2,1620,7992,2,0,0,4,1620,0,1975,0,18,19,260097.48
659000,4,2,2090,10800,1,0,0,4,2090,0,1951,1999,23,25,729506.79
223000,3,2,1110,7231,1,0,0,4,1110,0,1991,0,18,19,260079.26
851000,5,3,3760,9792,2,0,0,3,2550,1210,1984,0,3,5,1030884.92
605000,3,2,2080,12134,1,0,0,4,1530,550,1973,0,31,31,594537.5
895000,4,2,1950,5950,1,0,0,3,1330,620,1947,2012,35,52,594337.76
519000,5,2,2570,13054,1,0,1,3,1470,1100,1950,1992,26,68,679911.79
535000,3,1,2330,12141,1,0,0,3,1390,940,1983,2009,42,41,488122.0
489000,3,3,3700,10375,2,0,0,3,3700,0,1982,0,34,72,817793.02
250000,3,2,1920,7738,1,0,0,3,1520,400,1965,1993,6,66,289895.33
580000,3,2,1900,3960,1,0,0,3,1200,700,1905,2010,35,59,604931.41
1038000,4,1,1440,13296,1,0,0,4,1440,0,1967,0,3,3,664560.0
605000,4,2,2940,48788,1,0,0,5,1520,1420,1961,0,17,16,614982.0
599950,4,3,2500,3080,2,0,0,3,1810,690,2008,0,31,31,696016.92
700000,3,2,2490,23891,2,0,0,3,2490,0,1993,0,31,32,637976.0
480000,3,2,1470,10052,1,0,0,4,1470,0,1956,0,35,60,416988.75
329950,4,2,2120,4558,2,0,0,3,2120,0,2002,0,21,23,347944.3
250000,3,1,1200,24805,1,0,0,3,1200,0,1984,0,18,19,284832.3
345000,5,2,2450,6994,2,0,0,3,2450,0,2002,0,18,18,379602.39
175000,4,2,1780,6000,2,0,0,3,1780,0,1991,0,10,73,255900.16
185000,5,1,1590,6700,1,0,0,3,1090,500,1942,1999,35,65,361661.5
411000,4,2,2370,76665,2,0,0,4,2370,0,1978,2000,1,0,443537.8
690000,3,1,1760,4000,2,0,0,3,1760,0,1922,2008,35,46,661048.5
265000,4,3,1940,8170,1,0,0,4,1940,0,1948,0,36,67,421172.9
720000,4,3,3550,12327,1,0,0,4,2180,1370,1990,0,5,9,658347.2
256000,4,2,2050,5787,2,0,0,3,2050,0,2002,0,10,73,300220.63
255000,4,2,1680,3179,2,0,0,3,1680,0,2002,0,1,45,264721.33
540000,3,2,1320,1800,2,0,0,3,1320,0,1994,0,35,59,532268.46
481015,3,2,1550,5511,2,0,0,3,1550,0,1987,2000,19,21,462257.5
575000,3,1,2680,8625,1,0,0,5,1590,1090,1974,0,16,15,594797.45
339950,3,2,2390,34041,1,0,0,3,1840,550,1984,0,18,26,433848.9
475000,4,2,2040,7260,2,0,0,4,2040,0,1963,0,36,62,445103.85
732000,3,3,2670,6517,2,0,4,4,2020,650,1977,0,35,61,900191.78
860000,4,1,1880,3720,1,0,0,4,1880,0,1924,0,35,52,684193.0
389000,4,1,2400,7700,1,0,0,4,1500,900,1927,0,35,62,598965.82
645000,3,1,2270,11472,1,0,0,4,1370,900,1956,0,35,70,446423.04
475000,4,2,1850,5444,2,0,0,5,1850,0,1981,0,19,22,531916.5
550000,4,2,2160,5005,1,0,0,3,1430,730,1987,2000,35,54,622184.89
305000,2,1,2160,12960,1,0,0,3,1360,800,1968,1997,40,69,445672.91
782000,2,1,1570,3600,1,0,2,4,1320,250,1906,1990,35,58,640716.5
545000,3,2,1340,7200,1,0,0,4,1340,0,1923,0,35,57,470437.05
394500,4,2,3002,6042,2,0,0,3,3002,0,2004,2003,18,19,495449.5
600000,5,2,2190,9072,1,0,0,5,1110,1080,1965,0,31,31,531795.0
1300000,4,1,2610,21600,1,0,0,4,2610,0,1966,0,8,3,629113.3
300000,2,1,1010,11919,1,0,0,3,1010,0,1947,2012,36,67,296478.45
330000,4,2,2105,6093,2,0,0,3,2105,0,2003,0,18,26,308907.12
723000,4,2,2430,4748,1,0,0,3,1630,800,1928,1954,35,55,723705.04
2271150,4,3,4040,18916,1,0,0,4,4040,0,1954,1979,22,24,1646757.5
480000,5,2,2160,7737,2,0,0,3,2160,0,1998,2006,38,38,472025.5
496000,2,1,900,9260,1,0,0,3,900,0,1946,0,35,50,293540.5
625000,3,3,1820,1641,3,0,0,3,1540,280,2006,0,35,58,604994.74
475000,4,2,2100,13468,1,0,0,5,1050,1050,1962,0,35,60,424857.75
275250,3,2,1520,7199,2,0,0,4,1520,0,1992,0,21,23,268585.6666666667
253000,2,1,1310,7128,1,0,0,4,940,370,1980,0,18,19,244599.22
630000,4,2,2190,9880,1,0,0,4,1410,780,1979,0,19,21,604433.09
660500,5,2,2950,5500,1,0,0,5,1720,1230,1918,0,35,64,782456.5
262000,5,1,1870,7800,1,0,0,3,1580,290,1962,2003,35,69,330643.3
2147500,3,3,4660,5500,2,0,4,5,3040,1620,1909,1988,35,46,1776484.98
552000,3,2,1840,9900,1,0,0,3,1840,0,1978,0,3,6,547695.0
1411600,2,2,3180,9400,2,0,4,5,2610,570,1985,0,3,5,1323573.92
736000,2,1,1500,4000,1,0,0,3,1100,400,1933,0,35,52,547311.92
355000,3,1,1730,7416,1,0,0,3,1730,0,1954,2005,36,62,345323.71
305000,3,1,1580,7424,1,0,0,3,1010,570,1962,2003,32,36,296215.5
484998,4,2,1540,1870,2,0,0,3,1540,0,2014,0,16,17,471349.97
1054690,4,3,3390,3979,2,0,0,3,2610,780,2014,0,35,74,998141.83
334500,2,1,830,1858,2,0,0,3,830,0,2005,0,35,64,317758.0
475000,4,2,2620,6178,2,0,0,3,2620,0,2013,1923,27,27,519066.71
309780,3,2,2242,4500,2,0,0,3,2242,0,2014,0,1,45,319221.2
795000,4,2,2890,7798,2,0,0,3,2890,0,2005,0,3,5,733437.36
274500,3,2,1450,4050,2,0,0,3,1450,0,2010,0,21,23,309035.8333333334
265050,2,1,800,2119,2,0,0,3,800,0,2008,0,35,49,335754.75
567500,3,2,2280,2502,2,0,0,3,1880,400,2006,0,16,15,563429.66
915000,3,4,3850,62726,2,0,0,3,3120,730,2013,1923,31,32,848565.22
285000,5,2,2270,6300,2,0,0,3,2270,0,1995,0,1,45,329134.45
445838,3,2,2250,5692,2,0,0,3,2250,0,2000,0,35,65,466888.63
304900,4,1,2600,11325,1,0,0,4,1610,990,1969,0,18,19,422085.0
940000,4,2,2490,9525,2,0,0,5,2490,0,1968,0,23,25,826842.5
1127000,4,2,3160,8281,2,0,0,4,3160,0,1995,0,19,21,814135.36
835000,4,4,4930,25714,2,0,0,3,4930,0,2005,0,1,45,1219850.42
290000,3,1,1440,11250,1,0,0,3,1440,0,1967,2011,32,33,316673.3
250000,3,1,1770,8868,1,0,0,4,1770,0,1959,0,1,1,241786.79
342000,4,2,2300,6448,2,0,0,3,2300,0,2001,0,18,18,368079.18
1012000,4,2,2980,16263,2,0,0,3,2980,0,1989,0,3,5,856900.38
400000,4,2,2230,7200,1,0,0,4,1300,930,1963,0,36,62,441240.25
312500,3,1,1830,7969,1,0,0,3,930,900,1950,2008,32,33,295614.73
267000,3,1,1740,10875,1,0,0,4,1020,720,1962,0,40,72,298679.5
575000,3,1,1530,6743,1,0,0,3,1410,120,1955,2005,35,55,524692.4
810000,3,1,1520,9041,1,0,0,4,1520,0,1954,1979,3,3,742577.0
850000,3,2,3230,5000,2,0,2,5,2430,800,1945,0,35,56,1107237.87
1015000,3,3,3620,4000,2,0,0,3,2730,890,2005,0,35,74,1005080.2
1100000,4,3,5070,60123,2,0,0,3,5070,0,2000,0,31,32,1453409.88
240000,3,1,1570,8750,1,0,0,3,1570,0,1960,2012,6,66,276660.5
198000,4,1,2080,7200,1,0,0,4,1050,1030,1966,0,1,0,275455.0
565000,4,2,2230,8624,1,0,0,4,1430,800,1969,0,31,31,577585.3
1195000,5,3,3420,18129,2,0,0,3,2540,880,1952,2005,23,25,1086323.8
340000,8,2,2790,6695,1,0,0,3,1470,1320,1977,2004,36,62,541678.5
815000,4,2,3150,4203,2,0,0,3,3150,0,2002,0,19,21,809457.33
1875000,4,3,3930,10929,2,0,0,3,3930,0,2006,0,3,3,1399469.46
588000,5,3,2190,4900,2,0,0,5,1490,700,1940,0,35,56,743148.99
280500,4,2,1890,6962,2,0,0,3,1890,0,1997,0,1,45,282929.11
390000,4,2,1900,76877,1,0,0,3,1900,0,2004,2003,18,26,377422.48
509000,2,1,1930,3521,2,0,0,3,1930,0,1989,0,3,6,556613.65
490600,3,2,3316,11447,2,0,0,3,3316,0,1986,0,14,13,579702.95
650000,3,1,1380,4500,1,0,0,5,1380,0,1960,0,23,25,294190.89
715000,3,4,2080,2250,3,0,4,3,2080,0,1997,0,35,47,688618.76
529950,3,1,1240,5000,1,0,0,5,1240,0,1909,1988,35,50,478907.6
265000,3,1,1020,8610,1,0,0,5,1020,0,1959,0,32,34,255731.0
1755000,3,2,2360,4800,2,0,0,3,2360,0,1909,2014,35,53,897945.09
1140000,3,2,2780,33503,1,0,1,4,2110,670,1969,0,33,43,660920.01
610000,3,2,2300,13418,1,0,0,3,1430,870,1955,2005,3,3,862430.3
554729,4,2,2020,4350,2,0,0,5,1730,290,1943,0,35,74,667401.89
395000,5,1,1840,10453,1,0,2,3,1360,480,1948,1994,6,68,423319.5
341000,3,1,1390,4814,1,0,0,3,1390,0,1908,1988,35,54,513073.25
264500,4,2,2060,11385,1,0,0,4,1200,860,1962,0,14,13,337105.29
395000,4,2,2640,35070,1,0,0,3,2640,0,1963,2008,18,19,475469.88
640000,3,2,1980,10115,1,0,0,3,1980,0,1959,1989,3,4,647097.75
430000,3,1,1810,5080,1,0,0,3,1030,780,1958,2004,35,54,503424.04
410000,4,2,1700,9000,1,0,0,5,1700,0,1972,0,19,22,513229.35
220000,4,1,1200,6000,1,0,0,3,1200,0,1923,1998,35,49,399002.5
1625000,4,3,2980,3600,2,0,0,3,2150,830,1999,0,35,53,1057577.8
405500,2,2,1350,1252,2,0,0,3,1120,230,2006,0,35,63,380999.16
633000,4,2,2360,10000,1,0,3,3,1980,380,1977,2004,35,61,611426.0
295950,2,1,1190,6200,1,0,0,3,1190,0,1948,1994,36,62,298507.35
1042031,4,5,4110,43560,2,0,0,4,4110,0,1978,2000,3,4,1657625.99
605000,4,2,2800,10786,1,0,0,3,1420,1380,1970,2014,3,7,608491.5
255000,2,1,920,1598,2,0,0,3,920,0,1995,0,35,62,267727.63
474000,3,1,1530,8000,2,0,0,3,1530,0,1978,0,31,31,415471.85
370000,2,1,860,5040,1,0,0,3,860,0,1956,2001,35,56,331649.0
288000,3,2,1520,3593,2,0,0,3,1520,0,2004,2003,21,23,288854.380952381
100000,2,0,660,5240,1,0,0,4,660,0,1912,1989,18,20,179102.0
1150000,5,2,3580,8921,2,0,0,3,3580,0,2000,0,19,21,897934.94
600000,5,2,3000,13899,2,0,0,4,3000,0,1975,0,31,31,724525.16
515000,5,3,2740,9629,1,0,0,5,1390,1350,1977,0,5,9,590775.4
345000,4,2,2040,5523,2,0,0,3,2040,0,1999,0,6,66,323206.57
975000,6,2,2520,54160,2,1,4,3,2520,0,1954,2005,35,65,860858.88
850000,3,2,2470,8800,2,0,0,3,2470,0,1961,2004,23,25,771868.9
439990,3,2,1930,1348,2,0,0,3,1300,630,2005,0,35,74,523969.0
554950,3,2,2950,10254,2,0,0,3,2950,0,2006,0,32,37,578304.98
605000,3,2,2610,6405,2,0,0,3,2610,0,2001,0,38,38,566112.5
609000,3,1,1630,1526,3,0,0,3,1630,0,2014,0,35,47,602753.7
425000,3,1,1400,1022,3,0,0,3,1400,0,2007,0,35,54,458944.72
399900,2,1,1410,1005,1,0,0,3,900,510,2011,0,16,17,291868.6
1025000,4,3,4370,10860,2,0,0,3,4370,0,2008,0,32,37,1252108.11
2351956,4,4,5010,19412,2,0,1,3,4000,1010,2014,0,23,25,1597915.76
519995,4,3,2590,6160,2,0,0,3,2590,0,2014,0,32,37,490954.4
625000,3,1,1300,7200,1,0,0,5,1300,0,1960,0,19,21,384564.3
600000,3,2,2320,7609,2,0,0,3,2320,0,2003,0,16,15,536903.6
1200000,4,2,2700,4275,2,0,0,3,2700,0,2004,2003,35,54,797732.0
1738000,4,2,2920,6513,2,0,0,4,2260,660,1937,0,35,53,1125183.0
671000,4,3,3130,5700,1,0,0,3,1750,1380,1953,0,35,54,897407.96
459500,3,1,1470,4950,1,0,0,3,1030,440,1984,0,35,62,393186.74
499000,3,2,1540,1326,3,0,0,3,1390,150,1995,0,35,58,589651.0
1280000,4,2,3160,4620,1,0,4,3,2020,1140,1917,2005,35,55,1116329.97
395000,3,1,1480,7700,1,0,0,3,1480,0,1975,0,19,22,427177.8
861990,5,2,3595,5639,2,0,0,3,3595,0,2014,0,31,32,810676.05
382500,2,1,1190,4440,1,0,0,3,1190,0,1981,2013,35,60,354518.44
404950,4,2,2340,217014,1,0,0,4,2340,0,1982,2011,1,45,444351.78
530000,3,1,1320,2500,1,0,0,3,870,450,1918,0,35,48,447208.51
195000,2,1,1190,27007,1,0,0,4,1190,0,1910,0,16,15,306802.0
747500,4,2,2350,18600,2,0,0,4,2350,0,1977,0,17,16,510011.1
199990,3,1,1100,8560,1,0,0,3,1100,0,1961,2004,14,13,213703.0
548800,4,1,1660,4704,1,0,0,3,1260,400,1930,1997,35,54,541832.8
870000,4,3,3040,36246,1,0,0,3,2680,360,1923,2014,33,42,965177.0
588000,3,2,1860,4777,2,0,0,5,1860,0,1908,0,35,54,753074.3
775000,4,3,4100,241322,2,0,0,3,2500,1600,1981,2013,42,41,825888.5
670000,6,3,4050,36171,2,0,0,4,2620,1430,1970,0,16,15,751191.19
445000,2,2,1240,2500,2,0,0,3,1240,0,1985,0,35,56,458830.28
300000,4,3,2200,10800,1,0,0,3,2200,0,1960,2012,32,36,458228.43
480000,3,2,1680,9090,1,0,0,4,1130,550,1959,0,3,7,505072.5
300000,3,1,930,5160,1,0,0,5,930,0,1919,1934,35,49,366420.9
360000,3,1,1800,22000,2,0,0,3,1800,0,1931,0,40,69,275257.88
527000,6,3,3000,8401,1,0,0,3,1500,1500,1979,2014,35,60,571114.5
875000,3,1,1820,12686,1,0,0,4,1820,0,1952,0,3,3,823299.5
266000,4,2,1995,7102,2,0,0,4,1995,0,1981,0,14,13,284530.69
866000,4,3,3990,9786,2,0,0,3,3990,0,2004,2003,31,32,917088.39
335950,2,1,800,5192,1,0,0,5,800,0,1951,0,35,65,295417.48
215000,3,1,960,9563,1,0,0,5,960,0,1967,0,14,13,211908.5
481000,4,2,2286,8269,2,0,0,3,2286,0,2002,0,32,34,413410.5
320000,3,1,2220,11646,1,0,0,3,1270,950,1950,2005,17,16,442508.91
295000,3,1,1940,7500,1,0,0,4,1940,0,1918,1985,12,12,371198.74
295000,3,1,1640,7222,2,0,0,4,1640,0,1908,0,35,51,611132.0
320000,3,1,1120,10576,1,0,0,4,1120,0,1969,0,42,44,313447.1
780000,4,2,2600,4800,1,0,2,3,1400,1200,1953,0,35,58,744911.54
437500,3,2,1490,4800,2,0,0,5,1490,0,1948,1985,35,56,589975.14
443000,5,1,1650,3000,1,0,0,3,1650,0,1902,0,35,64,484740.52
575000,4,2,2400,6137,2,0,0,3,2400,0,1990,2009,33,42,602478.25
245000,2,1,1500,6685,1,0,0,3,1190,310,1926,2003,35,62,458414.82
450000,3,2,1990,12793,2,0,0,3,1990,0,1993,0,17,16,473434.3
536000,2,1,1130,746,2,0,0,3,1030,100,2009,0,35,50,406369.5
685000,3,3,2030,11070,2,0,0,4,2030,0,1980,0,31,31,581665.68
373000,4,1,1590,7920,2,0,0,4,1590,0,1960,2001,36,62,398554.75
450000,3,1,1480,8394,1,0,0,4,1480,0,1971,0,31,31,416077.0
645000,4,2,2690,18653,2,0,0,3,2690,0,1985,0,33,42,691616.5
1275000,3,2,3870,46609,2,0,3,3,3870,0,1997,0,3,7,1126949.49
230000,3,1,1390,6000,1,0,0,3,1390,0,1954,2005,32,34,265118.05
593000,3,2,1830,1850,2,0,0,3,1690,140,2011,0,16,15,518563.17
558000,2,2,1580,5750,1,0,0,5,790,790,1910,0,35,55,526591.02
538250,3,2,2590,15229,2,0,3,3,2590,0,1984,0,10,73,553413.88
475000,5,2,2510,8050,1,0,0,4,1490,1020,1977,0,19,22,531144.35
209950,3,1,1180,7300,1,0,0,4,1180,0,1968,0,1,1,215642.0
410000,3,2,1450,19206,2,0,0,3,1450,0,1989,0,33,42,454258.7
1636000,3,2,3110,6765,2,0,1,4,2550,560,1946,1989,35,54,1025906.21
670000,5,2,2860,68519,2,0,0,5,2860,0,1958,0,38,38,704273.15
821000,3,2,2760,8476,1,0,0,4,1690,1070,1967,0,23,25,750547.25
665000,5,2,2800,17788,1,0,0,4,1400,1400,1963,0,19,21,648402.5
339000,3,2,1450,3748,2,0,0,3,1450,0,2004,2003,38,38,426245.6
631500,4,2,2530,5650,1,0,0,4,1910,620,1910,0,35,55,772850.5
570000,3,2,1640,2808,1,0,3,4,820,820,1924,0,35,64,645538.0
437000,3,1,2220,17568,1,0,0,4,2220,0,1967,0,42,41,554501.79
542500,3,2,2040,10086,2,0,0,3,2040,0,1987,2000,31,31,569798.36
229500,3,1,1230,6000,1,0,0,4,1230,0,1967,0,1,1,207463.16
170500,2,1,1060,7700,1,0,0,3,820,240,1981,2013,32,33,299064.66
391500,3,2,1920,9625,2,0,0,3,1920,0,1993,0,27,27,379366.5
296475,3,2,1520,4170,2,0,0,3,1520,0,2004,2003,21,23,291341.2142857144
1450000,4,3,3770,4103,2,0,0,5,2710,1060,1925,0,35,52,1316928.04
888550,3,2,3540,38322,2,0,0,3,3540,0,1989,0,31,32,827133.5
1360000,4,3,5430,108900,2,0,0,4,5430,0,1987,0,31,32,1710601.78
328000,3,2,2250,7904,1,0,0,3,2250,0,1998,2006,1,0,310568.76
300000,4,2,2090,5195,2,0,0,3,2090,0,2007,0,18,19,305202.6
500000,3,2,1720,3012,2,0,0,3,1720,0,2011,0,35,62,363316.59
494815,3,2,1910,2091,2,0,0,3,1910,0,2014,0,16,17,529943.66
378000,3,2,1601,2491,3,0,0,3,1536,65,2007,0,35,60,405119.75
505000,2,2,1060,1209,2,0,0,3,940,120,2006,0,35,46,467099.0
680000,4,2,2330,3920,2,0,0,3,2330,0,2005,0,16,17,564828.24
351999,3,2,2370,4200,2,0,0,3,2370,0,2014,0,21,23,422581.69
510000,3,2,1420,1237,3,0,0,3,1420,0,2014,0,35,50,506614.5
1300000,4,2,2360,4000,2,0,0,3,2360,0,2013,1923,35,53,726108.54
374000,2,1,1260,1575,2,0,0,3,1260,0,2001,0,35,64,351663.36
509900,3,2,3030,9053,2,0,0,3,3030,0,2009,0,32,37,581146.27
230000,3,1,1140,1201,2,0,0,3,1140,0,2014,0,35,51,400881.38
527700,5,2,2820,9375,1,0,0,4,1550,1270,1968,0,3,5,728633.88
438000,2,2,1270,1372,3,0,0,3,1270,0,2000,0,35,54,454275.58
900000,3,2,3180,12600,2,0,0,4,3180,0,1978,2000,33,42,708459.0
1131000,3,2,2790,13791,1,0,3,3,2790,0,2006,0,26,68,830612.0
439000,4,2,2570,9503,2,0,0,3,2570,0,1980,0,5,9,513304.0
315000,2,1,1080,2674,1,0,0,4,720,360,1919,1985,35,51,403466.44
765000,4,4,3010,7221,2,0,0,3,3010,0,2004,2003,33,43,706472.23
332000,3,2,2120,14915,1,0,0,3,1720,400,1979,2014,1,0,319187.3
600000,3,2,1900,46609,1,0,0,4,1440,460,1969,0,42,41,471727.5
378500,3,2,2860,43821,2,0,0,4,2860,0,1990,0,1,45,498793.0
190000,3,1,910,10575,1,0,0,4,910,0,1968,0,14,2,218557.0
645000,4,2,2850,37522,2,0,0,3,2850,0,1987,2000,33,43,734584.0
780000,2,2,2560,2500,2,0,0,5,1690,870,1901,0,35,53,981884.05
370000,3,1,1570,16817,2,0,0,3,1570,0,1982,0,27,27,321739.0
875000,4,3,3110,108464,2,0,2,4,3110,0,1979,0,33,43,716144.64
1049000,4,3,4740,126759,2,0,0,4,4740,0,1991,0,16,15,961035.46
479000,3,1,1340,13750,1,0,0,4,1340,0,1955,2009,3,5,477741.55
245000,4,2,2600,6390,1,0,0,3,1390,1210,1978,0,14,13,359684.2
542000,3,1,1070,8030,1,0,0,3,1070,0,1966,2014,31,31,344926.54
557500,3,2,1820,9670,2,0,0,3,1820,0,1984,0,31,31,502346.2
480000,2,1,1060,3040,1,0,0,3,860,200,1924,2011,35,47,495457.75
330000,3,2,2220,4060,1,0,0,3,1330,890,1993,0,35,57,491340.26
160000,3,1,1350,8700,1,0,0,3,1350,0,1942,1999,34,72,240450.19
695500,5,2,2510,9180,1,0,1,4,1600,910,1975,0,31,31,655163.48
235500,5,2,2340,13713,1,0,0,2,1670,670,1967,0,14,2,387897.1
326500,3,1,1060,7920,1,0,0,4,1060,0,1968,0,35,49,316301.35
300000,4,2,2200,8065,2,0,0,3,2200,0,1998,2006,18,19,347170.63
267000,3,1,1400,8100,1,0,0,3,1400,0,1944,0,35,60,353317.88
292600,3,1,1520,7123,1,0,0,4,1520,0,1959,0,32,34,283566.17
362000,5,3,1810,3000,2,0,0,3,1810,0,1998,2006,35,57,480375.5
1087500,2,2,2360,11340,1,0,0,3,2360,0,1997,0,23,25,782597.42
357562,2,1,1210,1032,2,0,0,3,1210,0,2014,0,16,17,339094.84
789900,3,2,3420,25150,1,0,0,4,1750,1670,1987,0,3,5,1313601.0
513000,3,2,1810,4592,2,0,0,3,1810,0,1992,0,16,17,523800.5
336000,3,2,2760,10160,1,0,0,3,2760,0,1969,2010,32,36,534726.0
560000,4,2,1950,9800,1,0,0,3,1330,620,1968,1997,19,21,459403.35
1150000,3,2,3830,48743,2,0,0,3,3830,0,1991,0,3,5,1271136.5
410000,4,2,2060,7283,1,0,0,3,1220,840,1963,2013,36,67,429728.18
371500,3,1,1650,6400,1,0,0,4,980,670,1954,1979,35,49,382263.97
368000,4,1,2100,11942,1,0,0,3,1030,1070,1964,2000,35,49,422058.3
650000,4,3,3720,57499,1,0,0,3,1880,1840,2003,0,7,10,731627.8
308950,4,2,1920,8562,2,0,2,4,1920,0,1994,0,12,12,392042.71
440000,3,2,1860,217800,2,0,2,3,1860,0,1998,2006,32,37,449181.4
630000,2,2,2290,3507,2,0,0,3,2290,0,2005,0,16,17,735839.0
228950,3,1,1200,9085,1,0,0,4,1200,0,1968,0,14,13,213473.85
782000,4,3,5270,53428,2,0,0,3,3440,1830,2004,2003,32,36,1367464.0
245000,3,2,1600,2788,2,0,0,4,1600,0,1992,0,18,19,283897.49
410000,4,2,2560,4020,2,0,0,3,2560,0,2006,0,21,23,429824.89
427550,2,1,880,4000,1,0,0,3,880,0,1940,1996,35,56,417507.75
235000,2,1,1020,7920,1,0,0,3,1020,0,1939,1969,35,51,324345.0
210000,3,2,960,9380,1,0,0,3,960,0,1949,1998,35,65,286512.2
485000,4,2,1900,7200,1,0,0,3,1370,530,1977,2004,35,65,365334.59
410000,3,2,1320,6000,1,0,0,4,1320,0,1920,0,35,64,451114.42
435000,4,2,2230,9640,1,0,0,3,1320,910,1998,2006,35,60,406946.22
300000,3,1,1150,7314,1,0,0,3,1150,0,1960,2012,3,7,398940.0
455000,4,3,3440,6000,2,0,0,4,3440,0,2002,0,26,73,819447.23
210000,3,1,1070,8179,1,0,0,3,1070,0,1949,1998,35,65,282417.85
1050000,4,2,2250,3433,1,0,0,3,1500,750,1927,2013,35,53,723136.25
458400,4,2,1910,10300,1,0,0,3,1910,0,1921,1968,36,70,376824.52
390000,3,1,1180,16552,1,0,0,4,1180,0,1967,0,42,41,335805.5
148226,3,1,1400,7360,1,0,0,4,1400,0,1968,0,1,45,224499.5
711600,4,3,3580,9316,2,0,0,3,2370,1210,1991,0,3,6,828190.09
819000,3,2,3176,13391,2,0,3,4,2726,450,1985,0,14,2,1111638.21
613000,2,2,1170,1890,1,0,1,4,1170,0,1927,0,35,58,520774.5
592350,2,2,1570,4665,1,0,0,3,1570,0,2006,0,31,32,439028.1
232000,3,1,1460,15000,1,0,0,3,1460,0,1966,1963,1,0,222113.0
250000,3,1,1140,10400,1,0,0,4,1140,0,1983,0,24,76,294250.52
115000,1,2,1150,9812,1,0,0,4,1150,0,1962,0,1,0,209946.1
1115000,4,2,3180,31931,1,0,0,4,2390,790,1978,2000,3,6,887132.09
585000,4,2,2630,6185,2,0,0,3,2630,0,1999,0,32,34,495342.06
580000,3,2,1940,5980,1,0,0,3,1520,420,1987,2000,16,15,472689.74
165000,1,1,850,8050,1,0,0,2,850,0,1906,0,35,57,306335.2
430000,3,2,1550,6039,1,0,0,5,830,720,1942,0,35,61,433546.2
383000,3,2,2090,15000,1,0,0,3,2090,0,1961,2004,27,27,529649.83
1195000,4,3,3960,6654,2,0,0,3,2850,1110,2006,0,35,74,901427.45
201500,3,1,1320,5000,1,0,0,3,1320,0,1912,1994,35,55,496586.7
690000,4,2,3220,35400,2,0,0,3,3220,0,1991,0,42,41,781568.3
325000,2,1,800,7260,1,0,0,3,800,0,1953,0,35,61,306443.5
375000,3,1,1660,9673,1,0,0,3,1130,530,1976,0,42,41,387865.01
600000,4,2,2250,11370,2,0,0,3,2250,0,1991,0,19,22,578343.5
340000,3,2,2120,13090,1,0,0,3,2120,0,1997,0,1,1,348594.5
890000,4,2,2310,4020,3,0,0,5,2310,0,1979,0,35,59,544261.5
415000,4,1,1920,7700,2,0,0,4,1920,0,1970,0,25,34,460652.8
255000,3,1,1550,9720,1,0,0,3,1050,500,1976,0,4,8,416084.03
530000,2,2,1785,779,2,0,0,3,1595,190,1975,0,3,3,801736.75
468000,3,1,1830,9848,1,0,0,5,1830,0,1962,0,25,34,533232.0
970000,5,2,3500,5040,2,0,2,3,2950,550,1927,2007,35,61,1183836.85
599000,3,2,2560,14680,1,0,0,3,1330,1230,1987,2000,31,31,646956.9
399500,4,1,1360,4840,1,0,0,4,1360,0,1928,0,35,61,439391.8
2458000,4,5,6500,14986,2,0,0,3,5180,1320,2001,0,22,24,2245673.66
1205000,4,3,3150,5500,2,0,0,3,3150,0,2014,0,35,48,946925.64
325000,2,1,810,4080,1,0,0,4,810,0,1941,1998,35,61,270980.0
1135250,5,4,7320,217800,2,0,0,3,7320,0,1992,0,32,36,2586138.48
568000,4,1,2790,17476,1,0,2,3,1450,1340,1956,2001,6,68,558688.75
517000,2,1,1920,3408,1,0,0,4,960,960,1912,1989,35,59,532421.52
469950,4,2,2530,14178,2,0,0,3,2530,0,1997,0,11,11,500782.0
1675000,3,2,3490,8343,2,1,4,4,2150,1340,1939,1991,35,60,1214427.5
2180000,6,2,4710,11000,2,0,3,3,3690,1020,1931,0,35,48,1719993.49
623000,3,1,2050,16313,1,0,0,2,2050,0,1973,0,23,25,709111.38
720000,4,2,2410,8400,2,0,0,5,2410,0,1965,0,3,7,685074.28
205000,3,1,1180,8240,1,0,0,4,1180,0,1967,0,14,2,217226.0
148000,2,1,630,4200,1,0,0,3,630,0,1930,1997,35,49,315584.0
950000,3,2,3480,7800,1,0,0,4,1750,1730,1941,1998,35,70,756829.99
405000,3,1,1010,7683,1,0,0,5,1010,0,1953,0,35,60,336213.73
293000,3,2,1910,3481,2,0,0,3,1910,0,2009,0,18,19,291628.55
550000,3,3,2490,3582,2,0,0,3,1720,770,2005,0,16,15,581529.52
435000,4,2,2150,3143,2,0,0,3,2150,0,2010,0,32,37,415360.66
355000,4,2,3000,5470,2,0,0,3,3000,0,2005,0,21,23,470012.5
673000,3,2,2830,3496,2,0,0,3,2830,0,2012,1912,16,17,706233.64
449990,4,2,2680,5539,2,0,0,3,2680,0,2013,1923,27,27,503998.78
249000,2,1,1090,2686,2,0,0,3,1090,0,1982,0,19,22,249339.36
380000,4,2,1984,32400,1,0,0,3,1564,420,1962,2003,10,73,335047.0
760005,4,2,3090,5859,2,0,0,3,3090,0,2010,0,33,42,691653.62
674600,4,2,2610,5140,2,0,0,3,2610,0,2006,0,35,47,710330.26
812000,4,3,3370,3634,2,0,0,3,2750,620,2007,0,16,17,843563.61
333490,4,2,2250,3916,2,0,0,3,2250,0,2014,0,1,45,315520.45
320000,3,3,1450,1387,2,0,0,3,1180,270,2013,1923,35,49,402590.2
999000,4,2,3130,10849,2,0,0,3,3130,0,2013,1923,19,21,840930.16
810000,2,2,2700,8572,1,0,0,3,2700,0,2007,0,31,32,788425.6
399950,5,2,1970,5400,1,0,0,3,1320,650,1986,0,35,64,439467.83
550000,3,2,1970,4166,2,0,3,5,1270,700,1929,0,35,61,736291.81
290000,3,1,1950,15954,1,0,0,4,1950,0,1959,0,14,2,322789.43
232500,3,1,1940,9887,1,0,0,4,1140,800,1969,0,14,2,278148.5
1355000,4,3,3550,11000,1,0,2,3,2260,1290,1999,0,3,5,890150.38
565000,3,2,2500,7394,2,0,0,3,2500,0,1990,2009,42,41,569928.0
749950,4,2,2910,18700,1,0,0,3,2210,700,1957,1995,36,70,571755.5
720500,4,2,3350,35298,2,0,0,4,3350,0,1985,0,31,32,773418.45
507000,3,1,2140,40098,1,0,0,5,1490,650,1950,0,32,36,485874.83
989000,5,4,4030,13474,2,0,0,3,4030,0,2000,0,33,43,946085.0
463000,4,2,1980,6660,2,0,0,4,1980,0,1974,0,19,22,489586.86
310000,3,1,1460,9908,1,0,0,3,1460,0,1952,2008,10,66,282725.0
284000,4,1,1880,8800,1,0,0,3,1130,750,1960,2012,35,69,298678.38
737500,3,1,2320,10900,2,0,0,3,2320,0,1935,1974,35,54,737915.45
569000,3,3,2220,8227,1,0,0,5,1770,450,1929,0,35,51,837104.75
700000,3,1,1410,7200,2,0,0,4,1410,0,1901,0,35,64,455765.0
660000,3,1,1240,3500,1,0,0,4,1240,0,1927,0,35,47,488194.45
275000,4,2,2030,8426,2,0,0,3,2030,0,1944,0,40,69,393429.07
570000,6,3,4000,6015,2,0,2,3,3080,920,2004,2003,32,36,751019.42
150000,3,0,490,38500,1,0,0,4,490,0,1959,0,37,75,254570.6
356000,3,2,1590,3411,2,0,0,3,1590,0,2000,0,38,38,386693.82
610000,3,2,2630,5827,2,0,0,3,2630,0,2001,0,31,32,655349.11
498800,2,1,1350,4614,1,0,0,3,1350,0,2008,0,31,32,386918.9
226550,3,1,990,4440,1,0,0,3,990,0,1943,2002,35,49,426584.5
692500,4,2,3710,7984,2,0,0,3,3710,0,1999,0,38,38,779152.8
250000,3,1,990,8062,1,0,0,4,990,0,1960,2001,10,73,176271.5
660000,4,2,2510,4543,2,0,0,3,2510,0,2002,0,33,43,615571.0
295000,2,1,800,6500,1,0,0,4,800,0,1953,1983,36,62,301721.12
154950,4,1,1600,10183,1,0,0,4,1600,0,1966,0,1,1,223374.53
409124,5,3,3320,11340,2,0,0,4,2480,840,1999,0,18,26,601071.76
287000,5,1,1730,9230,1,0,0,3,1010,720,1962,2003,32,36,313674.65
810000,4,1,2000,3988,1,0,4,4,1000,1000,1958,1972,35,55,597199.62
525000,4,2,2910,6308,1,0,0,3,1640,1270,1985,0,5,9,545544.4
525000,4,1,1710,10440,1,0,0,4,1710,0,1955,2009,3,5,542085.0
275000,3,1,1200,7800,1,0,0,4,1200,0,1954,1979,35,61,345039.5
583000,3,2,2600,5100,2,0,1,3,2600,0,1998,2006,32,34,574415.43
237950,2,1,1460,7926,1,0,0,4,1460,0,1987,0,9,26,260492.83
1065000,4,3,4260,9800,2,0,0,3,4260,0,2008,0,19,21,1399693.5
679000,4,2,2100,4480,1,0,0,4,1780,320,1928,0,35,48,798097.51
1465000,6,4,4230,6420,2,0,3,4,2360,1870,1916,0,35,58,1399964.97
410000,3,1,1660,6250,1,0,0,3,830,830,1980,0,35,55,455427.96
306000,3,1,1450,7200,1,0,0,3,1010,440,1969,2010,19,22,402584.8
215000,4,1,1860,5040,1,0,0,5,1860,0,1920,0,12,12,363295.35
594950,4,2,2720,10006,2,0,0,3,2720,0,1989,0,33,42,665342.0
1250000,4,2,2920,5500,1,0,3,3,2030,890,1957,2000,35,74,1120200.5
305000,3,1,1800,12196,1,0,0,4,1800,0,1966,0,14,13,305082.28
425000,2,1,1320,8830,1,0,0,3,1020,300,1939,1969,35,74,368295.03
215000,3,1,1770,29004,1,0,0,3,1770,0,1959,1989,14,13,290236.5
480000,5,2,2550,7725,1,0,0,5,1390,1160,1967,0,25,34,503495.1
550000,4,1,2150,9000,1,0,0,4,1110,1040,1966,0,31,31,527265.45
750000,4,2,3020,7465,2,0,0,3,3020,0,2004,2003,33,43,743858.87
137124,3,1,960,27442,1,0,0,4,960,0,1970,0,32,36,275599.5
840000,3,2,2783,11177,2,0,0,3,2783,0,1910,1999,35,61,664035.91
624800,3,2,2250,14274,1,0,0,4,1500,750,1964,0,23,25,746544.35
630000,3,1,1710,8767,1,0,0,4,1710,0,1986,0,19,21,500696.85
590000,3,2,2650,9380,1,0,0,5,1680,970,1975,0,20,67,565336.7
599950,3,3,1830,1804,3,0,0,3,1830,0,2014,0,35,56,552438.67
299880,3,2,1460,3044,2,0,0,3,1460,0,2000,0,35,51,387452.79
400000,3,2,1760,6875,1,0,0,4,1760,0,1967,0,42,41,462829.16
560000,3,2,1960,6058,2,0,0,3,1960,0,2002,0,33,42,509798.16
229000,4,2,2010,7688,1,0,0,3,1170,840,1979,2014,14,13,318024.11
525000,4,2,3670,9958,2,0,0,3,3670,0,2005,0,32,36,803015.71
737000,2,2,2290,9772,1,0,0,3,2290,0,2007,0,31,32,775955.5
680000,3,2,1780,5720,1,0,0,5,980,800,1925,0,35,47,528869.11
635000,4,2,3080,35430,2,0,0,3,3080,0,1997,0,31,32,716627.95
740000,4,2,3360,15091,2,0,0,3,3360,0,1997,0,31,31,763870.73
335500,3,1,1370,6780,2,0,0,3,1370,0,1930,1997,35,60,434888.25
270000,4,2,1660,8063,1,0,0,4,1660,0,1978,2000,10,73,246889.83
1037000,4,3,4440,10660,2,0,0,3,4440,0,2003,0,25,37,1273128.86
450000,5,2,2850,209523,1,0,0,4,1930,920,1925,1968,32,36,727924.0
379000,3,2,1530,2913,2,0,0,4,1530,0,1986,0,19,21,494396.84
468000,4,2,2100,8400,1,0,0,4,1240,860,1976,1992,42,41,448045.62
321500,1,1,730,1942,1,0,0,3,730,0,2008,0,35,64,259237.9
443000,3,2,1920,8223,2,0,0,4,1920,0,1989,0,5,9,431782.3
340000,3,1,1600,7324,1,0,0,4,1600,0,1958,1972,32,34,276376.5
470000,4,2,2380,17199,2,0,0,3,1530,850,1979,2014,17,16,485467.08
545000,3,2,2760,17377,2,0,0,3,2760,0,2002,0,32,34,590019.0
415000,4,1,1840,11367,1,0,0,4,1840,0,1950,1983,36,70,451098.4
599000,7,2,2580,5750,1,0,0,4,1880,700,1901,0,35,59,705056.0
759000,4,1,2100,4750,1,0,0,3,1340,760,1975,0,35,47,515694.48
300000,4,1,1820,5015,1,0,0,4,1190,630,1926,1993,35,51,522786.92
1681000,5,5,4830,18707,2,0,1,5,3930,900,1952,1998,23,25,2046062.0
359000,3,1,1550,4980,1,0,0,3,1080,470,1978,0,35,62,421181.72
550000,4,1,1440,3600,1,0,0,4,1440,0,1924,0,35,55,517948.2
395000,2,1,930,6380,1,0,0,4,930,0,1940,2001,35,54,376929.3
486000,4,2,3560,12047,2,0,0,3,3560,0,1988,2000,14,13,658368.05
187000,2,1,840,11600,1,0,0,3,840,0,1952,2008,6,69,216786.75
734950,4,3,4280,47179,2,0,0,3,3050,1230,2002,0,1,45,805965.5
284000,3,1,1500,10018,1,0,0,4,1500,0,1957,2001,32,36,285209.79
696000,4,3,3650,38546,2,0,0,3,2550,1100,1996,0,27,27,854268.06
380000,2,1,780,3910,1,0,0,3,780,0,1918,0,35,61,273194.1
625000,4,1,1600,5500,1,0,0,4,1600,0,1946,1989,35,56,577934.0
252000,4,1,1120,8250,1,0,0,4,1120,0,1966,0,32,36,253407.0
560000,2,1,1010,9219,1,0,0,4,1010,0,1960,2001,19,21,308813.3
395000,4,2,1970,37026,1,0,0,4,1970,0,1961,2001,41,40,469194.51
900000,4,2,2230,4372,2,0,0,5,1540,690,1935,0,35,47,745914.3
2680000,5,3,4290,20445,2,0,0,4,4290,0,1985,0,22,24,1332910.0
625000,3,1,3160,76230,1,0,0,4,2160,1000,1978,2000,1,0,1257590.0
580000,3,1,1850,5100,1,0,0,3,1020,830,1909,2004,35,48,509942.36
309000,3,2,1980,8755,1,0,0,4,1300,680,1963,0,10,73,280176.27
412000,4,3,3360,9767,2,0,0,3,2450,910,1990,2009,14,13,589262.0
495000,3,2,2660,192099,1,0,0,4,2660,0,1964,0,12,12,547256.16
215000,3,1,1200,7280,1,0,0,4,1200,0,1967,0,18,20,246140.71
741500,2,2,2150,5760,1,0,0,3,2150,0,2010,0,31,32,706263.8
749000,3,2,2820,5348,2,0,0,3,2820,0,2008,0,31,31,719487.53
659950,4,2,3510,9400,2,0,0,3,3510,0,2014,0,32,37,743210.86
530000,3,2,1790,3078,2,0,0,3,1790,0,2010,0,16,15,519265.5
749000,4,2,2700,6000,2,0,0,4,2100,600,1910,0,35,55,787983.0
2321000,5,4,5780,17004,2,0,0,3,4260,1520,2006,0,23,25,1682464.5
595000,4,3,3730,4560,2,0,0,3,2760,970,2013,1923,35,47,1056859.49
487000,4,2,2540,5001,2,0,0,3,2540,0,2005,0,35,51,622391.76
760000,4,2,3300,8365,3,0,0,3,3300,0,2014,0,35,61,840463.76
1240000,5,3,5430,10327,2,0,2,3,4010,1420,2007,0,3,5,1562669.99
435000,4,2,2550,5200,2,0,0,3,2550,0,2009,0,32,37,449402.0
374950,3,2,1390,1484,3,0,0,3,1390,0,2007,0,35,47,478320.5
440000,3,1,1270,1413,3,0,0,3,1270,0,2007,0,35,54,435732.58
360000,4,2,2380,5000,2,0,0,3,2380,0,2005,0,21,23,387570.0
879000,4,2,3360,22111,2,0,0,3,3360,0,1994,0,33,43,769097.7
1550000,5,4,6070,171626,2,0,0,3,6070,0,1999,0,13,14,1627690.5
505000,2,1,1240,57000,1,0,0,3,1240,0,1962,2003,33,43,320716.5
545000,2,2,2930,14057,1,0,2,4,1680,1250,1980,0,41,40,719780.65
600000,2,2,2410,102366,1,0,0,4,1940,470,1912,1989,13,14,549942.6
775000,6,2,2980,5000,1,0,0,3,2480,500,1916,1986,35,47,1073506.0
725000,2,1,1950,2719,1,0,0,5,1010,940,1919,1934,35,47,537378.03
610000,4,2,2600,36583,1,0,0,5,1580,1020,1976,0,33,43,656886.55
350000,4,1,1170,8147,1,0,0,3,1170,0,1959,1989,35,60,341082.0
410000,3,1,1470,6500,1,0,0,4,1470,0,1953,1983,6,68,255755.0
639000,4,2,1840,5419,1,0,0,4,920,920,1942,1982,35,74,538179.83
439000,4,2,1560,7500,1,0,0,4,1560,0,1968,0,19,22,423737.0
499950,4,1,1520,7700,1,0,0,4,1520,0,1967,0,19,22,407236.6
800000,3,2,2220,4000,2,0,0,3,1700,520,1914,2000,35,59,789004.0
350000,4,2,2800,9538,2,0,0,3,2800,0,1993,0,14,2,487916.9
279000,2,1,670,6300,1,0,0,5,670,0,1942,0,35,61,288974.6
290256,3,2,1720,7885,2,0,0,3,1720,0,1983,2009,14,13,261962.45
355000,3,2,2110,4038,2,0,0,4,2110,0,1989,0,18,26,335700.9
263000,3,1,1580,9187,1,0,0,3,1180,400,1993,0,21,23,302860.3333333333
880000,6,2,2640,3680,2,0,0,5,1760,880,1922,1956,35,61,794456.5
426500,4,2,2700,6515,2,0,0,3,2700,0,1998,2006,32,36,479482.75
735000,3,2,2820,8159,2,0,0,3,2820,0,2004,2003,16,17,655194.42
720000,4,2,3340,8930,2,0,2,3,3340,0,1999,0,38,38,667286.32
265000,3,2,1530,6000,2,0,0,4,1530,0,1991,0,21,23,293694.38095238095
840000,4,3,3840,85728,2,0,0,3,3840,0,1998,2006,7,10,780217.45
657500,3,2,2320,10960,1,0,0,3,1510,810,1956,2001,3,4,667645.3
850000,5,2,2310,13430,1,0,0,4,2310,0,1966,0,3,3,896424.68
436110,3,2,1770,1235,3,0,0,3,1600,170,2007,0,35,47,559054.68
589900,2,3,3160,66646,2,0,0,3,3160,0,1993,0,42,44,801810.0
620000,3,1,1620,6630,1,0,0,3,1280,340,1954,2005,35,56,504525.5
254000,4,2,1510,4235,1,0,0,3,1510,0,1955,2005,35,51,497615.01
375000,3,1,960,8106,1,0,0,3,960,0,1962,2003,31,31,314760.42
455000,4,2,1740,8449,1,0,0,4,1170,570,1958,1972,3,7,509590.5
445000,4,2,1470,8395,1,0,0,4,1470,0,1965,0,3,7,479848.05
568500,4,2,2460,4200,2,0,0,3,2460,0,1998,2006,33,42,596342.98
352500,3,1,1170,8182,1,0,0,3,1170,0,1962,2003,36,67,279937.8
342500,2,1,1210,7507,1,0,0,3,1210,0,1982,0,19,22,313376.04
299950,3,2,1870,7942,2,0,0,3,1870,0,1990,2009,1,0,274575.86
425000,3,2,1950,5689,2,0,0,3,1950,0,2009,0,38,38,431070.95
561000,4,2,2570,5250,2,0,0,3,2570,0,1990,2009,16,17,620644.54
455500,3,2,1460,10311,1,0,0,4,1460,0,1975,0,31,31,417132.0
400000,3,2,2970,23100,1,0,0,3,1510,1460,1967,2011,42,41,631994.25
443500,4,2,2040,21781,2,0,0,3,2040,0,1994,0,7,10,451359.27
1234582,5,3,3240,6551,1,0,4,4,2500,740,1939,1989,35,54,1424539.47
370000,4,2,3150,67518,1,0,0,4,2250,900,1965,0,1,45,511415.9
475000,3,2,1820,8008,1,0,0,3,1240,580,1981,2013,31,31,482708.0
580000,4,2,2130,35752,1,0,0,3,1490,640,1980,0,33,43,571844.27
518000,3,1,1430,8000,1,0,0,4,1430,0,1956,0,3,6,457329.15
525000,3,2,2030,6970,2,0,0,4,2030,0,1991,0,16,17,570845.28
236000,4,2,2000,5827,2,0,0,3,2000,0,1997,0,21,23,320105.65
278500,4,2,1940,6206,2,0,0,3,1940,0,1990,2009,14,13,281223.31
205425,2,1,880,6780,1,0,0,4,880,0,1945,0,35,71,258419.2
248000,3,1,950,9400,1,0,0,4,950,0,1954,1979,3,5,296387.0
505000,3,2,1670,1596,2,0,0,3,1220,450,2002,0,35,74,507167.73
657500,3,2,2670,10496,2,0,0,3,2670,0,1989,0,33,42,664197.5
670000,3,2,2700,1438,2,0,0,3,1280,1420,2003,0,35,46,818835.45
202000,1,1,590,833,1,0,0,4,590,0,1926,1993,35,59,327737.5
440000,4,2,2160,8119,1,0,0,3,1080,1080,1966,1913,3,5,505424.75
690000,4,2,2700,8810,2,0,0,3,2700,0,2004,2003,31,31,685184.93
375000,6,2,3206,5793,2,0,0,3,3206,0,2012,1912,18,20,587553.21
291000,3,1,1560,9788,1,0,0,3,1560,0,1964,2000,35,71,343982.26
230000,3,1,1400,6956,1,0,0,4,1400,0,1957,2001,18,19,246989.36
850000,4,3,3090,6744,2,0,4,3,3090,0,2013,1923,36,70,1492909.47
84350,4,2,2630,16475,2,0,0,4,2630,0,1953,1983,43,3,1105500.05
12899000,3,2,2190,11394,1,0,0,3,1550,640,1956,2001,35,74,468912.07
2110000,4,1,2100,9200,1,0,0,3,1050,1050,1959,1989,40,69,351284.41
2199900,4,1,1120,5427,1,0,0,3,1120,0,1969,2014,9,26,220190.0
188000,4,2,3260,19542,1,0,0,4,2170,1090,1968,0,22,24,1036712.32
26590000,3,2,1180,7793,1,0,0,4,1180,0,1992,0,18,19,252605.96
7800,2,1,780,16344,1,0,0,1,780,0,1942,0,40,69,195961.0
237227,4,2,2200,9397,2,0,0,3,2200,0,1987,2000,1,0,318487.35
117833,3,1,1340,306848,1,0,0,3,1340,0,1953,0,11,11,404603.0
0,3,1,1490,10125,1,0,0,4,1490,0,1962,0,14,0,231306.33
744312,4,2,2800,5900,1,0,0,3,1660,1140,1963,2008,35,54,651729.75
0,4,2,2600,5390,1,0,0,4,1300,1300,1960,2001,35,74,492656.0
0,6,2,3200,9200,1,0,2,4,1600,1600,1953,1983,6,65,581005.9
0,5,3,3480,36615,2,0,0,4,2490,990,1983,0,16,43,582638.7
439333,3,3,3020,4082,2,0,0,3,2080,940,1954,2004,35,74,898391.48
280000,3,2,1970,11088,1,0,0,4,1180,790,1967,0,20,67,467549.0
0,5,1,1500,7112,1,0,0,5,760,740,1920,0,6,68,282817.84
0,4,4,3680,18804,2,0,0,3,3680,0,1990,2009,33,42,862677.41
176225,3,2,1570,7200,1,0,0,4,1570,0,1952,0,36,67,374480.5
500324,3,2,2280,2289,2,0,0,3,1880,400,2006,0,16,15,567119.66
444845,3,2,1600,3573,2,0,0,3,1600,0,2013,1923,32,34,289857.0
330000,3,3,1680,1570,3,0,0,3,1680,0,2014,0,35,47,596360.72
292285,3,1,1890,13860,1,0,0,5,1890,0,1966,0,18,26,367301.0
160000,2,1,520,22334,1,0,0,2,520,0,1951,0,34,69,195241.25
274333,3,2,1780,191228,2,0,2,3,1780,0,1988,2000,27,27,435109.5
537500,4,3,2920,33976,1,0,3,5,1460,1460,1964,0,3,7,1000959.5
232333,3,2,2430,73151,1,0,0,3,2430,0,1974,0,32,37,487924.9
237333,3,2,3010,1842,2,0,0,3,3010,0,2011,0,33,43,911302.64
346750,3,1,1620,30736,1,0,0,4,1620,0,1911,1977,3,5,526265.75
0,2,2,2200,188200,1,0,3,3,2200,0,2007,0,12,12,558970.0
1020000,3,2,2950,78843,1,0,0,3,2950,0,2006,0,33,43,684689.45
0,4,2,2170,10500,1,0,2,4,1270,900,1960,2001,26,68,531164.62
254000,3,1,1770,17208,1,0,0,3,1160,610,1959,1989,3,5,560889.0
238750,3,1,1830,8209,1,0,0,3,1830,0,1942,1999,17,16,419706.3
268971,4,2,2380,7066,2,0,0,4,2380,0,1997,0,18,19,380599.4
642000,4,2,2550,10000,1,0,0,3,1290,1260,1964,2000,3,6,591722.25
571986,3,2,3720,11610,2,0,0,3,3720,0,1982,0,33,42,873364.48
0,5,4,4630,6324,2,0,0,3,3210,1420,2006,0,38,38,1041397.99
0,5,4,4430,9000,2,0,0,3,4430,0,2013,1923,3,3,1914601.63
554250,3,2,1490,1709,3,0,0,3,1490,0,2004,2003,35,60,408823.13
0,4,4,5030,11023,2,0,2,3,3250,1780,2008,0,23,25,1695746.21
0,4,1,2180,22870,1,0,0,4,1280,900,1954,1975,18,26,453688.89
107500,4,1,1590,131551,1,0,3,4,1590,0,1966,0,12,12,370847.0
300000,3,2,1510,7066,1,0,2,3,1230,280,1973,2013,35,60,492055.8
0,4,3,4210,10308,2,0,0,3,4210,0,2006,0,3,7,1164809.51
540833,3,2,1640,9972,1,0,0,4,1640,0,1977,0,33,43,473665.06
274750,4,2,1840,1562,2,0,0,3,1400,440,2004,2003,35,49,482930.62
148612,3,1,1040,5000,1,0,0,3,1040,0,1959,1989,35,65,319920.16
326428,3,1,1250,4800,1,0,0,4,1250,0,1951,1999,35,61,383626.82
0,5,3,3690,12353,2,0,0,5,3690,0,1977,0,20,67,943102.49
135333,4,1,1530,7200,1,0,0,3,1400,130,1948,1994,35,71,328992.75
577437,4,2,2110,3750,2,0,0,3,2110,0,2000,0,35,56,629569.0
440825,3,1,2150,4333,1,0,0,3,1200,950,1956,2001,35,63,483871.8
195000,5,3,5340,10655,2,0,3,4,3740,1600,1912,1989,35,64,1937581.0
257500,4,1,2420,7672,1,0,0,3,1480,940,1979,2014,16,15,504060.58
692000,4,3,5010,34460,2,0,0,3,5010,0,1988,2000,3,5,1445939.48
176400,2,1,910,9612,1,0,0,4,910,0,1981,0,32,36,271619.68
193000,3,1,2200,5000,1,0,0,3,2200,0,1932,0,35,74,774016.5
646212,4,2,3430,64441,2,0,0,3,3430,0,2013,1923,42,44,842626.53
268971,4,2,1860,6687,1,0,0,4,1220,640,1983,0,18,19,266517.0
0,4,3,3300,4545,1,0,4,3,2600,700,1926,1999,35,48,1500889.88
317061,3,1,1280,10716,1,0,0,4,1280,0,1969,0,32,37,307899.5
83300,3,2,1490,7770,1,0,0,4,1490,0,1990,0,9,26,250306.83
0,5,2,2880,11965,2,0,0,4,2880,0,1990,0,9,26,508462.35
266066,4,1,1310,5200,1,0,0,3,1160,150,1945,2010,35,61,405889.34
342246,4,2,1980,7403,2,0,0,3,1980,0,1988,2000,14,13,296436.16
0,5,2,2000,7900,1,0,0,4,1300,700,1986,0,34,72,335046.29
0,3,3,1860,7440,1,0,0,5,1040,820,1954,0,35,71,371994.43
0,4,3,1990,6180,2,0,0,3,1990,0,1990,2009,14,13,303367.56
240015,4,2,1720,8300,1,0,0,4,1720,0,1973,0,14,13,255589.0
83300,3,2,1370,78408,1,0,0,5,1370,0,1964,0,9,26,363564.55
316850,4,3,4060,35621,1,0,0,3,2030,2030,1989,0,1,45,613367.5
259585,4,2,1960,9898,2,0,0,3,1960,0,2001,0,18,18,320436.83
328211,4,2,1720,9600,1,0,0,3,1120,600,1961,2004,1,45,259204.38
673476,4,2,2740,12899,2,0,0,4,2740,0,1990,0,33,43,700588.0
0,4,1,1360,13372,1,0,0,3,1360,0,1955,2005,17,16,330859.35
425000,3,2,1870,5449,2,0,0,3,1870,0,2003,0,5,9,438565.55
127160,2,1,720,4222,1,0,0,4,720,0,1942,1982,32,34,183149.75
341750,3,2,2180,7741,2,0,0,3,2180,0,1986,0,33,42,575485.5
178650,3,1,1430,8960,1,0,0,4,1430,0,1953,1983,6,68,211675.99
87500,2,1,780,6685,1,0,0,4,780,0,1948,0,1,1,202122.0
282508,3,1,1180,5002,1,0,0,3,1180,0,1946,0,36,67,358720.62
450385,3,2,1300,3731,1,0,0,3,900,400,1993,0,35,57,464261.06
435000,4,3,4260,18000,2,0,2,3,4260,0,2000,0,23,25,1335413.5
532500,2,1,2050,11900,1,0,0,4,2050,0,1950,1983,3,3,857613.3
408900,3,1,2930,19876,1,0,0,3,2030,900,1993,0,42,41,664563.84
156766,2,1,1500,4120,1,0,0,3,880,620,1928,1954,32,35,376968.17
452500,5,3,5960,13703,2,0,2,3,4770,1190,1984,0,3,7,1545266.38
308830,2,1,810,4800,1,0,0,3,810,0,1919,2001,35,57,305372.5
484991,4,2,2320,4344,2,0,0,3,2320,0,2012,1912,32,37,413312.5
287919,2,1,1090,5000,1,0,0,4,730,360,1942,1982,35,61,349692.22
247875,2,1,1000,4776,1,0,0,4,1000,0,1942,1982,35,51,445137.44
309487,3,2,2260,19821,2,0,0,3,2260,0,1994,0,32,36,488249.04
173666,4,1,1290,5000,1,0,0,3,1290,0,1957,2000,35,65,366188.5
237481,3,2,2120,7560,1,0,0,3,2120,0,1991,0,32,36,427990.5
326983,3,2,1490,4522,2,0,0,3,1490,0,2009,0,17,16,416025.76
790000,4,2,2310,5100,2,0,0,3,2310,0,2013,1923,35,70,441295.79
0,1,1,720,6000,1,0,0,3,720,0,1940,1996,35,51,309008.5
678333,3,2,1840,3035,1,0,0,3,920,920,1926,2003,35,48,532539.61
542804,5,2,2910,36250,1,0,0,3,1590,1320,1977,2004,33,43,576331.9
723243,4,2,3270,12880,2,0,0,3,3270,0,2014,0,19,21,867943.95
667781,5,2,3040,10257,2,0,0,3,3040,0,1993,0,3,5,832110.09
108333,3,1,1200,9936,1,0,0,4,1200,0,1969,0,21,23,275879.42
0,5,2,2740,5616,1,0,0,5,1670,1070,1925,0,35,54,669026.0
535000,4,2,2290,5350,2,0,0,4,2120,170,1958,1972,35,74,543255.77
596165,4,2,2580,6000,1,0,0,5,1300,1280,1950,0,35,74,680162.33
269187,3,1,1590,27200,1,0,0,4,1590,0,1926,1993,21,23,447249.5
148612,3,1,1040,6860,2,0,0,3,1040,0,1942,1999,35,65,290930.95
0,3,1,1300,6710,1,0,0,4,1300,0,1952,0,23,25,279287.34
0,5,2,2090,4698,2,0,0,3,2090,0,1998,2006,21,23,366441.5
341166,5,2,2670,3800,2,0,0,3,2670,0,2014,0,32,37,612148.0
132500,4,1,1540,115434,1,0,0,4,1540,0,1923,0,18,19,390741.88
557125,4,2,3370,12447,2,0,0,3,3370,0,1991,0,42,44,781959.76
228944,3,1,1730,11325,1,0,0,5,1730,0,1972,0,18,19,348500.5
592105,3,2,1640,29970,2,0,0,3,1640,0,1992,0,31,32,430790.8
535000,4,2,2980,8051,1,0,2,4,2020,960,1935,0,35,74,972828.0
420642,3,2,1330,8100,1,0,0,4,1330,0,1969,0,19,22,339421.77
132250,4,2,2192,12128,2,0,0,3,2192,0,2006,0,18,18,436367.5
237227,4,2,2068,7242,2,0,0,4,2068,0,1976,1992,1,0,277707.5
440825,3,1,1980,6250,1,0,1,5,1090,890,1910,0,35,63,531815.43
2560498,3,2,1710,1664,2,0,0,5,1300,410,2003,0,35,74,514954.0
423050,2,1,890,4590,1,0,0,3,890,0,1923,1998,35,56,412694.75
1337044,4,3,4280,9583,2,0,0,3,4280,0,2005,0,3,3,1923529.02
315368,3,2,3080,12476,2,0,0,3,3080,0,1990,2009,21,23,660191.58
417985,4,2,2070,7500,2,0,0,4,2070,0,1977,0,19,22,554010.44
723243,4,2,3010,7215,2,0,0,3,3010,0,2014,0,19,21,827772.67
259950,4,2,2030,9300,1,0,0,4,2030,0,1976,1992,31,31,548014.65
0,4,3,4060,19290,2,0,0,3,4060,0,2002,0,33,42,882381.7
237333,3,2,2340,16500,1,0,0,4,1500,840,1972,0,33,43,558769.79
426090,3,2,2340,5957,2,0,0,3,2340,0,1995,0,17,16,496024.9
458663,2,1,1470,7137,1,0,0,3,1020,450,1941,1994,35,47,455843.76
812650,4,2,3700,21755,1,0,4,3,2620,1080,1988,2000,3,5,1264174.93
135333,4,1,1200,7200,1,0,0,3,1200,0,1944,0,35,71,311493.2
0,5,2,2910,53898,1,0,0,5,1510,1400,1979,0,42,44,673632.75
0,5,2,1910,7200,1,0,0,4,1110,800,1951,1999,35,71,334384.17
0,3,2,2880,13500,1,0,4,5,1520,1360,1950,0,8,3,1031873.49
0,5,2,3240,6863,2,0,0,3,3240,0,2013,1923,32,34,675258.48
387884,3,1,1590,8219,1,0,0,5,970,620,1938,0,19,22,452465.8
437500,5,3,3690,11928,2,0,0,3,2540,1150,2006,0,33,42,845071.0
641633,3,2,2480,5137,2,0,0,3,2480,0,2000,0,31,31,685262.41
681965,4,2,2683,40386,2,0,0,4,2683,0,1987,0,31,31,724134.0
229629,2,1,1100,8281,1,0,0,4,1100,0,1947,1988,36,67,315067.35
0,4,1,2080,3500,1,0,0,5,1260,820,1926,0,35,63,561712.0
210614,3,2,2210,10119,1,0,0,4,1450,760,1966,0,18,18,396751.9
790000,4,3,2420,4000,1,0,0,5,1870,550,1911,1984,35,48,867893.0
435500,3,3,1240,1666,2,0,0,3,1000,240,2008,0,35,63,368363.3
738190,3,2,2300,3060,1,0,0,3,1510,790,1930,2002,35,54,635526.5
497333,3,1,1760,12874,1,0,0,4,1230,530,1967,0,3,4,625055.5
300000,3,2,2020,8555,1,0,0,4,1220,800,1957,2001,35,60,414484.91
1036200,4,3,2500,5801,1,0,0,3,1960,540,1926,2003,35,53,902278.52
163785,2,1,760,5500,1,0,0,3,760,0,1947,2012,35,69,262288.5
351250,4,1,1580,5340,1,0,0,3,1130,450,1947,2012,35,64,481633.82
645325,3,2,2670,10481,2,0,0,3,2670,0,2003,0,19,21,732998.28
171224,3,1,1140,8366,1,0,0,5,1140,0,1943,0,32,36,260587.25
0,5,3,3870,8225,2,0,0,3,3870,0,1998,2006,33,42,856735.93
540000,3,2,2750,18029,1,0,2,5,1810,940,1978,0,3,5,875788.0
233166,3,2,1570,7000,2,0,2,4,1050,520,1971,0,35,59,530760.01
329333,3,1,1160,22470,1,0,0,4,1160,0,1976,1992,17,16,262189.9
225279,3,2,2110,7665,1,0,0,4,1360,750,1973,0,14,13,312499.55
331366,3,2,1270,2509,2,0,0,3,1270,0,2004,2003,35,49,357005.79
460886,4,2,3250,4500,2,0,0,3,3250,0,2009,0,32,37,602964.26
337945,2,1,940,9839,1,0,0,3,940,0,1910,2006,35,63,291466.3
0,4,1,2310,68824,2,0,0,4,2310,0,1968,0,4,8,618001.88
243069,3,1,1130,12519,1,0,0,3,1130,0,1958,2004,32,34,263152.0
0,6,3,3020,13783,2,0,0,3,3020,0,1952,2002,23,25,1047193.46
690408,4,2,3210,14910,2,0,0,3,3210,0,1995,0,33,42,751131.52
592105,3,2,2650,40705,2,0,0,3,2650,0,1994,0,31,32,692044.8
220083,3,1,1150,8079,1,0,0,4,1150,0,1983,0,18,18,237118.83
280000,3,3,3910,19023,2,0,0,3,3910,0,1985,0,7,10,791733.4
297857,4,2,3490,5000,2,0,0,3,3490,0,2003,0,9,26,628183.28
950833,5,3,3330,19126,2,0,0,4,2610,720,1977,0,23,25,1073405.54
323833,4,1,1940,5753,1,0,0,3,1940,0,1947,2012,35,70,430977.93
309000,3,2,1800,2700,2,0,0,3,1800,0,2011,0,35,61,371008.98
248400,3,1,1880,11249,1,0,0,3,1330,550,1985,0,1,0,265370.41
994500,4,2,2870,6280,1,0,0,4,1980,890,1905,0,35,53,1010250.03
0,4,2,1960,11600,1,0,0,5,980,980,1931,0,1,1,347694.34
0,4,1,1810,7500,1,0,0,2,1410,400,1959,0,35,69,362028.87
0,2,2,1490,6770,1,0,0,3,1490,0,1926,2003,35,51,524667.47
0,3,4,5230,17826,2,1,4,3,3740,1490,2005,0,23,25,2026450.0
288500,5,2,3390,9760,1,0,0,5,1750,1640,1978,0,32,36,813024.5
379509,2,1,880,6413,1,0,0,3,880,0,1950,2005,35,55,352392.1
180785,2,1,2550,21675,1,0,1,4,1610,940,1958,1972,10,73,488797.4
950100,4,2,3160,13194,2,0,0,5,3160,0,1965,0,23,25,1159502.32
0,4,5,4550,18641,1,1,4,3,2600,1950,2002,0,33,42,1702780.0
542500,5,2,3831,13800,2,1,4,3,3831,0,1959,1980,23,25,1666553.99
362750,2,1,1240,3000,1,0,0,3,1240,0,1906,2014,35,48,445079.45
234975,4,2,2520,14021,2,0,0,3,2520,0,1999,0,11,11,500872.0
672500,4,2,2420,10200,2,0,0,4,2420,0,1973,0,23,25,804438.5
391400,4,1,1250,7400,1,0,0,5,1250,0,1959,0,3,7,448919.35
0,3,2,1310,7300,1,0,0,3,1310,0,1957,2000,3,7,492351.95
198995,3,1,1410,8053,1,0,0,4,1410,0,1951,1999,35,70,351352.2
278900,3,1,990,9798,1,0,0,3,990,0,1968,1997,42,41,311492.1
171758,3,1,1000,8512,1,0,0,3,1000,0,1991,0,12,12,238894.0
325187,3,1,2000,7560,1,0,0,4,1300,700,1968,0,32,36,341426.45
190368,2,1,1120,5650,1,0,0,3,1120,0,1944,0,35,71,324806.6
375000,5,3,3370,7947,2,0,0,3,3370,0,2001,0,19,21,923130.5
216000,3,2,2210,4000,2,0,0,3,2210,0,2008,0,31,32,583994.42
0,5,3,2640,6895,2,0,0,3,2640,0,2001,0,38,38,557197.09
360500,3,2,1150,887,3,0,0,3,1150,0,2007,0,35,62,322971.17
677099,4,2,2150,27540,2,0,0,3,2150,0,1997,0,31,32,544691.79
405125,4,2,4230,31747,2,0,0,4,4230,0,1985,0,42,41,1018339.2
289987,3,1,1570,15330,1,0,0,3,1080,490,1956,2001,6,68,301429.5
264270,3,2,1630,7700,1,0,0,3,1120,510,1978,0,18,19,259733.8
602761,4,2,2770,10274,2,0,0,3,2770,0,1989,0,16,17,684139.38
251555,3,1,1750,7800,1,0,0,4,1150,600,1956,0,6,68,272960.32
214750,3,1,1090,8160,1,0,0,3,1090,0,1967,2014,32,36,249176.0
258125,2,1,930,7740,1,0,0,3,930,0,1924,2011,35,60,315739.3
0,4,2,2100,4857,2,0,0,3,2100,0,1965,1984,20,67,488976.05
677099,4,2,2540,38677,2,0,0,3,2540,0,1987,2000,31,32,714010.0
0,2,1,810,8424,1,0,0,4,810,0,1959,0,14,13,200547.5
0,2,1,1520,8040,1,0,0,5,1520,0,1951,0,35,60,402395.51
167500,1,1,690,1950,1,0,0,3,690,0,1928,1954,35,56,361808.0
471500,4,3,2370,3672,1,0,0,5,1650,720,1916,0,35,54,782620.58
0,4,4,3500,8750,1,0,4,5,2140,1360,1951,0,35,70,1121379.17
464600,2,1,840,3400,1,0,2,4,840,0,1924,0,35,58,435581.25
132250,4,2,1830,8734,2,0,0,4,1830,0,1991,0,18,18,289384.45
433111,3,2,1370,1524,3,0,0,3,1370,0,2005,0,35,47,431932.72
542500,5,2,2520,16100,1,0,3,4,1570,950,1960,2001,23,47,641174.52
0,2,2,2130,4920,1,0,4,4,1530,600,1941,1998,35,47,820005.29
368112,4,2,2590,8483,2,0,0,3,2590,0,1991,0,5,47,446366.04
673476,4,2,1820,20011,2,0,0,3,1820,0,1987,2000,33,43,546377.79
558653,3,2,1530,3210,1,0,0,5,1010,520,2006,1970,35,56,522630.0
0,4,2,4080,18362,2,0,2,4,4080,0,2006,0,8,3,1595563.89
168333,2,1,1050,6600,1,0,0,3,1050,0,2006,2000,6,69,226922.5
268971,4,2,1954,4805,2,0,0,3,1954,0,2005,0,35,19,493392.74
318000,2,1,1530,3503,1,0,1,4,830,700,1916,0,35,58,520150.05
550607,4,2,1660,4800,1,0,0,3,1660,0,1922,2008,35,47,645222.0
1288333,6,4,3830,4800,3,0,0,3,3050,780,1919,2004,35,58,1025974.92
584000,3,1,1490,1036,2,0,0,3,1090,400,2008,0,35,74,481819.5
0,3,1,1520,9030,1,0,0,3,1520,0,1956,2001,3,6,477877.5
0,5,6,8020,21738,2,0,0,3,8020,0,2001,0,3,5,3126365.46
245000,3,3,2470,7410,2,0,0,5,1860,610,2006,0,35,56,670447.29
287919,2,1,870,4600,1,0,0,4,870,0,2006,1982,35,61,281175.74
672500,4,2,2110,12653,2,0,0,4,2110,0,2006,0,23,25,640705.0
454790,2,1,1990,4000,1,0,0,5,1090,900,1952,1998,35,47,607127.47
282508,3,1,1560,7552,1,0,0,4,910,312,1948,0,36,67,389230.5
473200,3,1,1740,4200,1,0,0,4,1640,312,1920,0,35,56,591652.5
406062,2,1,1290,4650,1,0,0,4,1290,312,1906,1990,35,54,524528.45
282766,4,2,2139,8640,1,0,0,3,850,850,1955,2010,3,5,553920.1
486445,3,1,2139,14856,1,0,0,4,1880,0,1984,0,3,5,658312.5
486895,3,1,1890,14856,1,0,0,4,1390,500,1901,0,35,47,543908.18
430277,3,2,1620,1075,3,0,0,3,1540,80,2009,0,16,17,429148.03
229629,3,1,770,8149,1,0,0,3,770,0,1948,1994,36,67,279983.1
0,3,2,2890,18226,1,1,4,3,2890,0,1984,0,32,34,1384049.88
182805,3,1,1040,8892,1,0,0,4,1827,240,1958,1972,14,13,215915.6
380680,3,2,2620,8331,2,0,0,3,1827,0,1991,0,32,36,454868.0
552119,3,1,1880,5752,1,0,0,4,1827,940,1945,0,35,61,445648.18
552119,4,2,2530,8169,2,0,0,3,2530,0,1993,0,14,2,360067.11
552119,3,2,2538,4600,2,0,0,3,2538,0,2013,1923,1,45,331594.75
210614,3,2,1610,7223,2,0,0,3,1610,0,1994,0,18,18,265790.92
308166,3,1,1510,6360,1,0,0,4,1510,0,1954,1979,35,62,370619.82
534333,3,2,1460,7573,2,0,0,3,1460,0,1983,2009,3,6,490762.4
416904,3,2,3010,7014,2,0,0,3,3010,0,2009,0,32,37,571523.49
203400,4,2,2090,6630,1,0,0,3,1070,1020,1974,0,35,71,335979.4
220600,3,2,1490,8102,2,0,0,4,1490,0,1990,0,9,26,253331.0
